ingredient name,ttd id,gene symbol
Baicalein,D00YEV,KDM4E
Baicalein,D00YEV,XDH
Baicalein,D00YEV,ALOX15
Baicalein,D00YEV,CDK1
Baicalein,D00YEV,ALOX12
Baicalein,D00YEV,GRK6
Baicalein,D00YEV,CYP19A1
Baicalein,D00YEV,CA7
Baicalein,D00YEV,CA12
Baicalein,D00YEV,CA4
Baicalein,D00YEV,ABCB1
Baicalein,D00YEV,CYP1B1
Baicalein,D00YEV,HSD17B1
Baicalein,D00YEV,AKR1B1
Baicalein,D00YEV,CDK5R1
Baicalein,D00YEV,CA2
Baicalein,D00YEV,CCNB3
Baicalein,D00YEV,CDK6
Baicalein,D00YEV,CA1
Baicalein,D00YEV,CA9
Baicalein,D00YEV,ABCG2
Baicalein,D00YEV,CBR1
Baicalein,D00YEV,ESR2
Baicalein,D00YEV,ESR1
Baicalein,D00YEV,ACHE
Baicalein,D00YEV,ADORA1
Baicalein,D00YEV,ADORA2A
Baicalein,D00YEV,PTGS2
Baicalein,D00YEV,PTPRS
Baicalein,D00YEV,AMY1A
Baicalein,D00YEV,FLT3
Baicalein,D00YEV,IKBKB
Baicalein,D00YEV,NTRK2
Baicalein,D00YEV,AR
Baicalein,D00YEV,NOX4
Baicalein,D00YEV,MAOA
Baicalein,D00YEV,SYK
Baicalein,D00YEV,GSK3B
Baicalein,D00YEV,ABCC1
Baicalein,D00YEV,TTR
Baicalein,D00YEV,CSNK2A1
Baicalein,D00YEV,CFTR
Baicalein,D00YEV,AKR1B10
Baicalein,D00YEV,TNKS2
Baicalein,D00YEV,TNKS
Baicalein,D00YEV,HSD17B2
Baicalein,D00YEV,BCHE
Baicalein,D00YEV,ADORA3
Baicalein,D00YEV,TERT
Baicalein,D00YEV,LCK
Baicalein,D00YEV,PFKFB3
Baicalein,D00YEV,PIM1
Baicalein,D00YEV,PARP1
Baicalein,D00YEV,ALOX5
Baicalein,D00YEV,APP
Baicalein,D00YEV,CALM1
Baicalein,D00YEV,ARG1
Baicalein,D00YEV,NOS2
Baicalein,D00YEV,GLO1
Baicalein,D00YEV,MMP9
Baicalein,D00YEV,MMP2
Baicalein,D00YEV,MMP12
Baicalein,D00YEV,CD38
Baicalein,D00YEV,TOP1
Baicalein,D00YEV,NAE1
Baicalein,D00YEV,EGFR
Baicalein,D00YEV,SRC
Baicalein,D00YEV,TYR
Baicalein,D00YEV,AHR
Baicalein,D00YEV,ESRRA
Baicalein,D00YEV,KIT
Baicalein,D00YEV,OPRD1
Baicalein,D00YEV,CYP1A1
Baicalein,D00YEV,AURKB
Baicalein,D00YEV,PIK3CG
Baicalein,D00YEV,MAPT
Baicalein,D00YEV,TOP2A
Baicalein,D00YEV,INSR
Baicalein,D00YEV,MYLK
Baicalein,D00YEV,APEX1
Baicalein,D00YEV,IGF1R
Baicalein,D00YEV,KDR
Baicalein,D00YEV,PLK1
Baicalein,D00YEV,MET
Baicalein,D00YEV,ALK
Baicalein,D00YEV,AXL
Baicalein,D00YEV,PTPN1
Baicalein,D00YEV,ST6GAL1
Baicalein,D00YEV,SLC22A12
Baicalein,D00YEV,GPR35
Baicalein,D00YEV,FYN
Baicalein,D00YEV,TACR2
Baicalein,D00YEV,PRKDC
Baicalein,D00YEV,MAPK3
Baicalein,D00YEV,BACE1
Baicalein,D00YEV,SIRT1
Baicalein,D00YEV,PLA2G2A
Baicalein,D00YEV,PLA2G4A
Baicalein,D00YEV,CA6
Baicalein,D00YEV,CDK2
Baicalein,D00YEV,CDK5
Baicalein,D00YEV,CDK1
Baicalein,D00YEV,CCNB1
Baicalein,D00YEV,CCNB2
Baicalein,D00YEV,ALOX15
Baicalein,D00YEV,AHR
Baicalein,D00YEV,BAX
Baicalein,D00YEV,NOX5
Baicalein,D00YEV,NFATC1
Baicalein,D00YEV,RELA
Baicalein,D00YEV,FOSL1
Baicalein,D00YEV,FOSL2
Baicalein,D00YEV,CYCS
Baicalein,D00YEV,CASP3
Baicalein,D00YEV,MPO
Baicalein,D00YEV,VEGFA
Baicalein,D00YEV,ALOX12
Baicalein,D00YEV,SRC
Baicalein,D00YEV,MMP9
Baicalein,D00YEV,FOS
Baicalein,D00YEV,AKT1
Baicalein,D00YEV,PTGS2
Baicalein,D00YEV,IGF2
Baicalein,D00YEV,FABP5
Baicalein,D00YEV,APOD
Baicalein,D00YEV,HIF1A
Baicalein,D00YEV,EGLN1
Baicalein,D00YEV,NOS2
Baicalein,D00YEV,BCL2
Baicalein,D00YEV,TP53
Baicalein,D00YEV,CDK1
Baicalein,D00YEV,CCNB1
Baicalein,D00YEV,TYR
Baicalein,D00YEV,MMP2
Baicalein,D00YEV,NR1I3
Baicalein,D00YEV,MAPK1
Baicalein,D00YEV,TGFBR1
Baicalein,D00YEV,ABCB1
Baicalein,D00YEV,ESR1
Baicalein,D00YEV,PIK3CB
Baicalein,D00YEV,PIK3CG
Baicalein,D00YEV,PIK3CD
Baicalein,D00YEV,NFE2L2
Baicalein,D00YEV,HMOX1
Baicalein,D00YEV,GUSB
Baicalein,D00YEV,EGFR
Baicalein,D00YEV,JUN
Baicalein,D00YEV,CYP3A4
Baicalein,D00YEV,CXADR
Baicalein,D00YEV,AR
Baicalein,D00YEV,CAV1
Baicalein,D00YEV,MTOR
Baicalein,D00YEV,LY96
Baicalein,D00YEV,CRTC1
Baicalein,D00YEV,GAA
Baicalein,D00YEV,COMT
Baicalein,D00YEV,MAOB
Baicalin,D08PUW,AKR1B1
Baicalin,D08PUW,ADORA1
Baicalin,D08PUW,TNF
Baicalin,D08PUW,IL2
Baicalin,D08PUW,XDH
Baicalin,D08PUW,RPS6KA3
Baicalin,D08PUW,EGFR
Baicalin,D08PUW,ACHE
Baicalin,D08PUW,NQO2
Baicalin,D08PUW,NMUR2
Baicalin,D08PUW,ADRA2A
Baicalin,D08PUW,ADRA2C
Baicalin,D08PUW,NOX4
Baicalin,D08PUW,ALDH2
Baicalin,D08PUW,NOD2
Baicalin,D08PUW,WNT1
Baicalin,D08PUW,TLR4
Baicalin,D08PUW,TLR2
Baicalin,D08PUW,IL6
Baicalin,D08PUW,IL17A
Baicalin,D08PUW,FOXP3
Baicalin,D08PUW,NR3C1
Baicalin,D08PUW,ALOX5
Baicalin,D08PUW,FABP1
Baicalin,D08PUW,MEG3
Baicalin,D08PUW,GUSB
Baicalin,D08PUW,MMP9
Baicalin,D08PUW,NFE2L2
Baicalin,D08PUW,BDNF
Baicalin,D08PUW,CYP1A2
Baicalin,D08PUW,FN1
Baicalin,D08PUW,CYP3A
Baicalin,D08PUW,SMAD2
Baicalin,D08PUW,SMAD3
Baicalin,D08PUW,CASP3
Baicalin,D08PUW,PPARG
Baicalin,D08PUW,TNFRSF11B
Baicalin,D08PUW,JAK2
Baicalin,D08PUW,TJP1
Baicalin,D08PUW,TYR
Baicalin,D08PUW,SCNN1A
Baicalin,D08PUW,APPL2
Baicalin,D08PUW,SOST
Baicalin,D08PUW,ADORA2A
Chrysin,D01UYI,AKR1B1
Chrysin,D01UYI,CDK5R1
Chrysin,D01UYI,XDH
Chrysin,D01UYI,CYP19A1
Chrysin,D01UYI,CA2
Chrysin,D01UYI,CCNB3
Chrysin,D01UYI,CA7
Chrysin,D01UYI,CDK6
Chrysin,D01UYI,CA1
Chrysin,D01UYI,CA12
Chrysin,D01UYI,CA9
Chrysin,D01UYI,CA4
Chrysin,D01UYI,ABCB1
Chrysin,D01UYI,CYP1B1
Chrysin,D01UYI,ABCG2
Chrysin,D01UYI,CBR1
Chrysin,D01UYI,TNKS2
Chrysin,D01UYI,TNKS
Chrysin,D01UYI,ALOX15
Chrysin,D01UYI,ALOX12
Chrysin,D01UYI,ESR1
Chrysin,D01UYI,ESR2
Chrysin,D01UYI,HSD17B1
Chrysin,D01UYI,ACHE
Chrysin,D01UYI,ADORA1
Chrysin,D01UYI,ADORA2A
Chrysin,D01UYI,PARP1
Chrysin,D01UYI,KDM4E
Chrysin,D01UYI,CDK1
Chrysin,D01UYI,GRK6
Chrysin,D01UYI,CSNK2A1
Chrysin,D01UYI,NOX4
Chrysin,D01UYI,MAOA
Chrysin,D01UYI,FLT3
Chrysin,D01UYI,PTGS2
Chrysin,D01UYI,SYK
Chrysin,D01UYI,GSK3B
Chrysin,D01UYI,ABCC1
Chrysin,D01UYI,TTR
Chrysin,D01UYI,CFTR
Chrysin,D01UYI,AKR1B10
Chrysin,D01UYI,LCK
Chrysin,D01UYI,IKBKB
Chrysin,D01UYI,NTRK2
Chrysin,D01UYI,BCHE
Chrysin,D01UYI,ADORA3
Chrysin,D01UYI,ALOX5
Chrysin,D01UYI,PIM1
Chrysin,D01UYI,PTPRS
Chrysin,D01UYI,EGFR
Chrysin,D01UYI,HSD17B2
Chrysin,D01UYI,AR
Chrysin,D01UYI,AMY1A
Chrysin,D01UYI,APP
Chrysin,D01UYI,NAE1
Chrysin,D01UYI,ARG1
Chrysin,D01UYI,PFKFB3
Chrysin,D01UYI,CALM1
Chrysin,D01UYI,GLO1
Chrysin,D01UYI,MMP9
Chrysin,D01UYI,MMP2
Chrysin,D01UYI,MMP12
Chrysin,D01UYI,CD38
Chrysin,D01UYI,TOP1
Chrysin,D01UYI,TERT
Chrysin,D01UYI,AURKB
Chrysin,D01UYI,CYP1A1
Chrysin,D01UYI,ESRRA
Chrysin,D01UYI,TYR
Chrysin,D01UYI,AHR
Chrysin,D01UYI,SLC22A12
Chrysin,D01UYI,PRKDC
Chrysin,D01UYI,ST6GAL1
Chrysin,D01UYI,PIK3CG
Chrysin,D01UYI,MAPT
Chrysin,D01UYI,TOP2A
Chrysin,D01UYI,INSR
Chrysin,D01UYI,MYLK
Chrysin,D01UYI,APEX1
Chrysin,D01UYI,MET
Chrysin,D01UYI,OPRD1
Chrysin,D01UYI,TBXAS1
Chrysin,D01UYI,KIT
Chrysin,D01UYI,MAOB
Chrysin,D01UYI,PTPN1
Chrysin,D01UYI,NOS2
Chrysin,D01UYI,PLA2G2A
Chrysin,D01UYI,PLA2G4A
Chrysin,D01UYI,IGF1R
Chrysin,D01UYI,KDR
Chrysin,D01UYI,PLK1
Chrysin,D01UYI,ALK
Chrysin,D01UYI,AXL
Chrysin,D01UYI,PDE5A
Chrysin,D01UYI,SRC
Chrysin,D01UYI,PLG
Chrysin,D01UYI,F2
Chrysin,D01UYI,SIGMAR1
Chrysin,D01UYI,CYP1A2
Chrysin,D01UYI,GPR35
Chrysin,D01UYI,CDK5
Chrysin,D01UYI,CDK1
Chrysin,D01UYI,CCNB1
Chrysin,D01UYI,CCNB2
Chrysin,D01UYI,CDKN1A
Chrysin,D01UYI,PTGS2
Chrysin,D01UYI,TGFB1
Chrysin,D01UYI,CYP19A1
Chrysin,D01UYI,ABCC2
Chrysin,D01UYI,PGP
Chrysin,D01UYI,ABCG2
Chrysin,D01UYI,CDK9
Chrysin,D01UYI,IL13
Chrysin,D01UYI,IL4
Chrysin,D01UYI,TBK1
Chrysin,D01UYI,NOTCH1
Chrysin,D01UYI,GYPB
Chrysin,D01UYI,NFE2L2
Chrysin,D01UYI,MUC5AC
Chrysin,D01UYI,NFKB1
Chrysin,D01UYI,PKB_RS07820
Chrysin,D01UYI,ACTA2
Chrysin,D01UYI,EIF6
Chrysin,D01UYI,CASP3
Chrysin,D01UYI,PTPN13
Chrysin,D01UYI,PPARG
Chrysin,D01UYI,VEGFA
Chrysin,D01UYI,CASP9
Chrysin,D01UYI,JUN
Chrysin,D01UYI,MAPK8
Chrysin,D01UYI,MAPK9
Chrysin,D01UYI,PRKAA1
Chrysin,D01UYI,HDAC8
Chrysin,D01UYI,HDAC9
Chrysin,D01UYI,CLDN1
Chrysin,D01UYI,CLDN11
Chrysin,D01UYI,AKT1
Chrysin,D01UYI,CYP1A2
Chrysin,D01UYI,TNFAIP3
Coniferin,,ADORA2A
Coniferin,,ADORA1
Coniferin,,ADORA3
Coniferin,,SLC5A2
Emodin,D0U7OU,ESR1
Emodin,D0U7OU,PIM1
Emodin,D0U7OU,ESR2
Emodin,D0U7OU,CSNK2A1
Emodin,D0U7OU,PTP4A3
Emodin,D0U7OU,ELANE
Emodin,D0U7OU,FNTA
Emodin,D0U7OU,MCL1
Emodin,D0U7OU,BCL2
Emodin,D0U7OU,FTO
Emodin,D0U7OU,LIMK1
Emodin,D0U7OU,LCK
Emodin,D0U7OU,CYP19A1
Emodin,D0U7OU,ABCB1
Emodin,D0U7OU,BCHE
Emodin,D0U7OU,XDH
Emodin,D0U7OU,ADORA3
Emodin,D0U7OU,CYP1B1
Emodin,D0U7OU,AURKB
Emodin,D0U7OU,KDR
Emodin,D0U7OU,PLK1
Emodin,D0U7OU,MET
Emodin,D0U7OU,AXL
Emodin,D0U7OU,EGFR
Emodin,D0U7OU,FASN
Emodin,D0U7OU,PARP1
Emodin,D0U7OU,TNKS2
Emodin,D0U7OU,TNKS
Emodin,D0U7OU,CRHR1
Emodin,D0U7OU,DRD3
Emodin,D0U7OU,AKR1B1
Emodin,D0U7OU,CDK5R1
Emodin,D0U7OU,CCNB3
Emodin,D0U7OU,CDK6
Emodin,D0U7OU,ABCG2
Emodin,D0U7OU,CBR1
Emodin,D0U7OU,TBXAS1
Emodin,D0U7OU,MGAM
Emodin,D0U7OU,HTR2C
Emodin,D0U7OU,ESRRA
Emodin,D0U7OU,ESRRB
Emodin,D0U7OU,LDHA
Emodin,D0U7OU,LDHB
Emodin,D0U7OU,NOX4
Emodin,D0U7OU,FLT3
Emodin,D0U7OU,SYK
Emodin,D0U7OU,GSK3B
Emodin,D0U7OU,ABCC1
Emodin,D0U7OU,TTR
Emodin,D0U7OU,CFTR
Emodin,D0U7OU,AKR1B10
Emodin,D0U7OU,FNTB
Emodin,D0U7OU,CDK5
Emodin,D0U7OU,CDK1
Emodin,D0U7OU,CCNB1
Emodin,D0U7OU,CCNB2
Emodin,D0U7OU,BCL2
Emodin,D0U7OU,KDR
Emodin,D0U7OU,FLT4
Emodin,D0U7OU,FLT1
Emodin,D0U7OU,KIT
Emodin,D0U7OU,CASP3
Emodin,D0U7OU,CYP1A1
Emodin,D0U7OU,CSF2
Emodin,D0U7OU,MMP9
Emodin,D0U7OU,PPARG
Emodin,D0U7OU,SLC2A1
Emodin,D0U7OU,SLC2A4
Emodin,D0U7OU,MMP1
Emodin,D0U7OU,EGF
Emodin,D0U7OU,TGFB1
Emodin,D0U7OU,TNF
Emodin,D0U7OU,IL1B
Emodin,D0U7OU,NOS2
Emodin,D0U7OU,ESR1
Emodin,D0U7OU,MAOB
Emodin,D0U7OU,TP53
Emodin,D0U7OU,MYC
Emodin,D0U7OU,HSD11B1
Emodin,D0U7OU,BTK
Emodin,D0U7OU,SMAD3
Emodin,D0U7OU,SIRT1
Emodin,D0U7OU,NFKB1
Emodin,D0U7OU,CLDN5
Emodin,D0U7OU,AQP5
Emodin,D0U7OU,FASLG
Emodin,D0U7OU,MIR145
Emodin,D0U7OU,EGR1
Emodin,D0U7OU,AKT1
Emodin,D0U7OU,TLR4
Emodin,D0U7OU,MAPK3
Emodin,D0U7OU,MAPK1
Emodin,D0U7OU,PRKAA1
Emodin,D0U7OU,ABCB1
Emodin,D0U7OU,STAT3
Emodin,D0U7OU,AQP1
Emodin,D0U7OU,HSP90AA1
Emodin,D0U7OU,HSPA5
Emodin,D0U7OU,IFNA1
Emodin,D0U7OU,IFNA13
Emodin,D0U7OU,CTNNB1
Emodin,D0U7OU,AR
Emodin,D0U7OU,OCLN
Emodin,D0U7OU,HIF1A
Emodin,D0U7OU,ABCB11
Emodin,D0U7OU,CSNK2A2
Emodin,D0U7OU,TGFB2
Emodin,D0U7OU,FOXD3
Emodin,D0U7OU,PTP4A3
Emodin,D0U7OU,BAX
Emodin,D0U7OU,PGAM1
Emodin,D0U7OU,FXR1
Emodin,D0U7OU,DDIT3
Emodin,D0U7OU,TNFSF10
Geniposide,,ADORA1
Geniposide,,ADORA2A
Geniposide,,CA2
Geniposide,,CA1
Geniposide,,CA12
Geniposide,,CA9
Geniposide,,ADORA3
Geniposide,,CA14
Geniposide,,LGALS3
Geniposide,,LGALS9
Geniposide,,EPHX2
Geniposide,,TYR
Geniposide,,FUCA1
Geniposide,,SLC29A1
Geniposide,,SLC5A2
Geniposide,,ADORA2B
Geniposide,,ADK
Geniposide,,SLC5A1
Geniposide,,CA7
Geniposide,,CA13
Geniposide,,HK2
Geniposide,,HK1
Geniposide,,OGA
Geniposide,,ADA
Geniposide,,GBA
Geniposide,,TYMP
Geniposide,,LGALS4
Geniposide,,LGALS8
Geniposide,,AKR1C3
Geniposide,,AKR1B1
Geniposide,,HRAS
Geniposide,,ATIC
Geniposide,,CA6
Geniposide,,ALOX12
Geniposide,,CA4
Geniposide,,CA5A
Geniposide,,MMP13
Geniposide,,MMP1
Geniposide,,MMP7
Geniposide,,MMP12
Geniposide,,MMP8
Geniposide,,MMP2
Geniposide,,EIF4H
Geniposide,,PABPC1
Geniposide,,MAG
Geniposide,,SLC5A4
Geniposide,,EGFR
Geniposide,,PNP
Geniposide,,HSP90AA1
Geniposide,,GAPDH
Geniposide,,FOLH1
Geniposide,,PYGL
Geniposide,,LGALS7
Geniposide,,MGAM
Geniposide,,PLA2G1B
Geniposide,,GAP43
Geniposide,,BCL2
Geniposide,,GLP1R
Geniposide,,HMOX1
Geniposide,,GSTM2
Geniposide,,GSTM1
Geniposide,,WNT1
Geniposide,,VIM
Geniposide,,CDH1
Geniposide,,GSK3B
Geniposide,,MTOR
Geniposide,,IDE
Geniposide,,TCF7L2
Geniposide,,TGFB1
Geniposide,,NFKB1
Geniposidic acid,,ADORA1
Geniposidic acid,,SELP
Hesperidin,D0I9HF,CYP19A1
Hesperidin,D0I9HF,SRD5A1
Hesperidin,D0I9HF,SLC5A4
Hesperidin,D0I9HF,SLC5A1
Hesperidin,D0I9HF,SLC5A2
Hesperidin,D0I9HF,SLC28A3
Hesperidin,D0I9HF,CA12
Hesperidin,D0I9HF,TYR
Hesperidin,D0I9HF,CYP1B1
Hesperidin,D0I9HF,CA2
Hesperidin,D0I9HF,CA1
Hesperidin,D0I9HF,EPHX2
Hesperidin,D0I9HF,CA3
Hesperidin,D0I9HF,CA6
Hesperidin,D0I9HF,CA13
Hesperidin,D0I9HF,CA5B
Hesperidin,D0I9HF,ABCB1
Hesperidin,D0I9HF,ADORA1
Hesperidin,D0I9HF,ADORA2A
Hesperidin,D0I9HF,MMP13
Hesperidin,D0I9HF,MMP12
Hesperidin,D0I9HF,ADORA2B
Hesperidin,D0I9HF,ADORA3
Hesperidin,D0I9HF,IMPDH1
Hesperidin,D0I9HF,TAS2R31
Hesperidin,D0I9HF,CHIA
Hesperidin,D0I9HF,CA7
Hesperidin,D0I9HF,CA4
Hesperidin,D0I9HF,CA14
Hesperidin,D0I9HF,EIF4A1
Hesperidin,D0I9HF,TERT
Hesperidin,D0I9HF,BAX
Hesperidin,D0I9HF,CASP3
Hesperidin,D0I9HF,ICAM1
Hesperidin,D0I9HF,VCAM1
Hesperidin,D0I9HF,CAMK4
Hesperidin,D0I9HF,BACE1
Hesperidin,D0I9HF,NFKB1
Hesperidin,D0I9HF,NOS2
Hesperidin,D0I9HF,PCNA
Hesperidin,D0I9HF,TNF
Hesperidin,D0I9HF,BCL2
Honokiol,D04DQJ,ALOX5
Honokiol,D04DQJ,CNR1
Honokiol,D04DQJ,CNR2
Honokiol,D04DQJ,CA2
Honokiol,D04DQJ,BRAF
Honokiol,D04DQJ,HDAC8
Honokiol,D04DQJ,MAOB
Honokiol,D04DQJ,HSP90AA1
Honokiol,D04DQJ,KCNMA1
Honokiol,D04DQJ,HDAC6
Honokiol,D04DQJ,CCND1
Honokiol,D04DQJ,CDK1
Honokiol,D04DQJ,CCNE1
Honokiol,D04DQJ,FAAH
Honokiol,D04DQJ,UQCRB
Honokiol,D04DQJ,MAPK14
Honokiol,D04DQJ,HSP90AB1
Honokiol,D04DQJ,CETP
Honokiol,D04DQJ,OPRM1
Honokiol,D04DQJ,OPRD1
Honokiol,D04DQJ,GSK3B
Honokiol,D04DQJ,MGLL
Honokiol,D04DQJ,MDM2
Honokiol,D04DQJ,ERBB2
Honokiol,D04DQJ,EGFR
Honokiol,D04DQJ,NR1H4
Honokiol,D04DQJ,NOS1
Honokiol,D04DQJ,EPHX2
Honokiol,D04DQJ,TRPV1
Honokiol,D04DQJ,TTR
Honokiol,D04DQJ,KCNA5
Honokiol,D04DQJ,KCNA3
Honokiol,D04DQJ,TRAP1
Honokiol,D04DQJ,PTGER4
Honokiol,D04DQJ,ACHE
Honokiol,D04DQJ,KIF11
Honokiol,D04DQJ,ALOX15
Honokiol,D04DQJ,GPR55
Honokiol,D04DQJ,RAF1
Honokiol,D04DQJ,RET
Honokiol,D04DQJ,SHBG
Honokiol,D04DQJ,CDC25B
Honokiol,D04DQJ,NQO2
Honokiol,D04DQJ,AKT1
Honokiol,D04DQJ,GPBAR1
Honokiol,D04DQJ,KDR
Honokiol,D04DQJ,ALOX5AP
Honokiol,D04DQJ,PDK1
Honokiol,D04DQJ,NR3C1
Honokiol,D04DQJ,PGR
Honokiol,D04DQJ,PDE4B
Honokiol,D04DQJ,GSK3A
Honokiol,D04DQJ,PARP1
Honokiol,D04DQJ,PRKCZ
Honokiol,D04DQJ,STS
Honokiol,D04DQJ,SIRT2
Honokiol,D04DQJ,TLR9
Honokiol,D04DQJ,PIM1
Honokiol,D04DQJ,BACE2
Honokiol,D04DQJ,NOX4
Honokiol,D04DQJ,NOX1
Honokiol,D04DQJ,MAOA
Honokiol,D04DQJ,MIF
Honokiol,D04DQJ,CA1
Honokiol,D04DQJ,PLA2G2A
Honokiol,D04DQJ,CA9
Honokiol,D04DQJ,HSD17B1
Honokiol,D04DQJ,CYP11B1
Honokiol,D04DQJ,CYP11B2
Honokiol,D04DQJ,PRKCG
Honokiol,D04DQJ,NPY5R
Honokiol,D04DQJ,CXCR2
Honokiol,D04DQJ,CA12
Honokiol,D04DQJ,CLK1
Honokiol,D04DQJ,CDC7
Honokiol,D04DQJ,ABCG2
Honokiol,D04DQJ,TUBB1
Honokiol,D04DQJ,HDAC1
Honokiol,D04DQJ,QPCT
Honokiol,D04DQJ,SYK
Honokiol,D04DQJ,CHUK
Honokiol,D04DQJ,PDE10A
Honokiol,D04DQJ,GABRA1
Honokiol,D04DQJ,ADORA2A
Honokiol,D04DQJ,EGLN1
Honokiol,D04DQJ,UPP1
Honokiol,D04DQJ,CES1
Honokiol,D04DQJ,GRIN1
Honokiol,D04DQJ,COMT
Honokiol,D04DQJ,CDK2
Honokiol,D04DQJ,PLAA
Honokiol,D04DQJ,SGK1
Honokiol,D04DQJ,HSD17B2
Honokiol,D04DQJ,PAK1
Honokiol,D04DQJ,FLT1
Honokiol,D04DQJ,PDGFRB
Honokiol,D04DQJ,KIT
Honokiol,D04DQJ,FLT3
Honokiol,D04DQJ,DYRK1A
Honokiol,D04DQJ,HSD11B1
Honokiol,D04DQJ,CDK4
Honokiol,D04DQJ,CCNB1
Honokiol,D04DQJ,CDK2
Honokiol,D04DQJ,GABRB2
Honokiol,D04DQJ,GRIN2B
Honokiol,D04DQJ,PPARG
Honokiol,D04DQJ,SIRT3
Honokiol,D04DQJ,FOXM1
Honokiol,D04DQJ,RXRA
Honokiol,D04DQJ,GP6
Magnolol,,CNR1
Magnolol,,CNR2
Magnolol,,ALOX5
Magnolol,,CA2
Magnolol,,OPRD1
Magnolol,,EPHX2
Magnolol,,MDM2
Magnolol,,PAK1
Magnolol,,MIF
Magnolol,,MC4R
Magnolol,,OPRM1
Magnolol,,KCNMA1
Magnolol,,MAOB
Magnolol,,CA1
Magnolol,,FGFR1
Magnolol,,CDK5R1
Magnolol,,DYRK1A
Magnolol,,RCE1
Magnolol,,ALOX5AP
Magnolol,,KDM4E
Magnolol,,TRPV1
Magnolol,,CETP
Magnolol,,HSD17B3
Magnolol,,HSD11B1
Magnolol,,ERBB2
Magnolol,,EGFR
Magnolol,,KDR
Magnolol,,CCNB3
Magnolol,,ADORA1
Magnolol,,ADORA2A
Magnolol,,CA12
Magnolol,,CA9
Magnolol,,AURKB
Magnolol,,AURKC
Magnolol,,AURKA
Magnolol,,PANK3
Magnolol,,ALOX15
Magnolol,,GPR55
Magnolol,,ABCG2
Magnolol,,HDAC1
Magnolol,,MMP9
Magnolol,,MMP1
Magnolol,,MMP2
Magnolol,,HSD17B2
Magnolol,,ADAMTS5
Magnolol,,AKR1C3
Magnolol,,CYP19A1
Magnolol,,GSK3B
Magnolol,,STS
Magnolol,,IDO1
Magnolol,,UQCRB
Magnolol,,PPP1CA
Magnolol,,CPB1
Magnolol,,DUSP3
Magnolol,,NQO1
Magnolol,,NQO2
Magnolol,,SIRT2
Magnolol,,RAF1
Magnolol,,BRAF
Magnolol,,TYMS
Magnolol,,GPR84
Magnolol,,CCNE1
Magnolol,,RET
Magnolol,,MAPK14
Magnolol,,JAK2
Magnolol,,CDK2
Magnolol,,CDK4
Magnolol,,RIPK2
Magnolol,,PLA2G2A
Magnolol,,OPRK1
Magnolol,,ESR2
Magnolol,,ADRA2A
Magnolol,,ADRA2B
Magnolol,,ADRA1A
Magnolol,,PDE4B
Magnolol,,CA6
Magnolol,,CASP6
Magnolol,,CA4
Magnolol,,NR3C1
Magnolol,,PGR
Magnolol,,EGLN1
Magnolol,,TUBB1
Magnolol,,CXCR2
Magnolol,,CSF1R
Magnolol,,ADRA2C
Magnolol,,HTR1A
Magnolol,,PTK2
Magnolol,,PLK1
Magnolol,,AKT1
Magnolol,,FLT3
Magnolol,,HDAC8
Magnolol,,DYRK2
Magnolol,,CHEK1
Magnolol,,PTGES
Magnolol,,PDE10A
Magnolol,,ATP4B
Magnolol,,MGLL
Magnolol,,STK17B
Magnolol,,TACR3
Magnolol,,STK33
Magnolol,,CDK5
Magnolol,,CDK1
Magnolol,,CDK2
Magnolol,,ATP4A
Magnolol,,CCNB1
Magnolol,,CCNB2
Magnolol,,TLR4
Magnolol,,NOS2
Magnolol,,KDR
Magnolol,,BDNF
Magnolol,,BAX
Magnolol,,STAT3
Magnolol,,MAPK14
Naringin,D09VQM,CYP19A1
Naringin,D09VQM,SLC5A1
Naringin,D09VQM,SLC5A4
Naringin,D09VQM,SLC5A2
Naringin,D09VQM,PTGS1
Naringin,D09VQM,SRD5A1
Naringin,D09VQM,EPHX2
Naringin,D09VQM,SLC28A3
Naringin,D09VQM,TYR
Naringin,D09VQM,MMP1
Naringin,D09VQM,MMP7
Naringin,D09VQM,MMP8
Naringin,D09VQM,TAS2R31
Naringin,D09VQM,ADORA1
Naringin,D09VQM,ADORA3
Naringin,D09VQM,MAOB
Naringin,D09VQM,CYP1B1
Naringin,D09VQM,ABCG2
Naringin,D09VQM,MMP13
Naringin,D09VQM,MMP12
Naringin,D09VQM,CA12
Naringin,D09VQM,LGALS1
Naringin,D09VQM,ADORA2A
Naringin,D09VQM,ABCC1
Naringin,D09VQM,HSD17B1
Naringin,D09VQM,SHBG
Naringin,D09VQM,CBR1
Naringin,D09VQM,CA14
Naringin,D09VQM,ESR1
Naringin,D09VQM,BMP2
Naringin,D09VQM,NFKB1
Naringin,D09VQM,SLCO2B1
Naringin,D09VQM,PTK2
Naringin,D09VQM,SRC
Naringin,D09VQM,BCHE
Naringin,D09VQM,GLO1
Naringin,D09VQM,SEMA3A
Naringin,D09VQM,AQP5
Naringin,D09VQM,CFTR
Naringin,D09VQM,AQP1
Naringin,D09VQM,ZEB1
Naringin,D09VQM,SLCO1A2
Naringin,D09VQM,PKB_RS07820
Naringin,D09VQM,GDNF
Naringin,D09VQM,NFATC1
Naringin,D09VQM,MMP9
Naringin,D09VQM,FOS
Naringin,D09VQM,AKT1
Naringin,D09VQM,ABCB1
Naringin,D09VQM,MIR126
Naringin,D09VQM,NR1H3
Naringin,D09VQM,ADRB2
Narirutin,D09VQM,CYP19A1
Narirutin,D09VQM,SLC5A2
Narirutin,D09VQM,SLC5A1
Narirutin,D09VQM,TYR
Narirutin,D09VQM,EPHX2
Narirutin,D09VQM,SLC5A4
Narirutin,D09VQM,SRD5A1
Narirutin,D09VQM,TAS2R31
Narirutin,D09VQM,ADORA1
Narirutin,D09VQM,ADORA3
Narirutin,D09VQM,PTGS1
Narirutin,D09VQM,MAOB
Narirutin,D09VQM,CYP1B1
Narirutin,D09VQM,ABCG2
Narirutin,D09VQM,SLC28A3
Narirutin,D09VQM,MMP12
Narirutin,D09VQM,ABCC1
Narirutin,D09VQM,HSD17B1
Narirutin,D09VQM,SHBG
Narirutin,D09VQM,CBR1
Narirutin,D09VQM,HRAS
Narirutin,D09VQM,CA12
Narirutin,D09VQM,EIF4A1
Physcion,,ELANE
Physcion,,LIMK1
Physcion,,PTP4A3
Physcion,,CSNK2A1
Physcion,,LCK
Physcion,,ESR1
Physcion,,ESR2
Physcion,,PIM1
Physcion,,MCL1
Physcion,,DUSP3
Physcion,,EGFR
Physcion,,BCL2
Physcion,,FTO
Physcion,,EIF2AK2
Physcion,,MME
Physcion,,MMP3
Physcion,,MMP1
Physcion,,MMP9
Physcion,,MMP2
Physcion,,MMP8
Physcion,,PDE5A
Physcion,,NQO1
Physcion,,MMP13
Physcion,,CHRNA7
Physcion,,HDAC6
Physcion,,HDAC8
Physcion,,HDAC1
Physcion,,MMP7
Physcion,,MMP10
Physcion,,KDM1A
Physcion,,ADAM17
Physcion,,MAPK8
Physcion,,MMP16
Physcion,,MMP14
Physcion,,KCNMA1
Physcion,,MMP12
Physcion,,CTSV
Physcion,,BAD
Physcion,,TERT
Physcion,,MAP2K1
Physcion,,CYP19A1
Physcion,,CYP1B1
Physcion,,NOX4
Physcion,,BCHE
Physcion,,PLA2G7
Physcion,,GUSB
Physcion,,FLT3
Physcion,,NOTUM
Physcion,,LRRK2
Physcion,,HDAC5
Physcion,,HDAC7
Physcion,,HDAC4
Physcion,,HDAC9
Physcion,,ADAMTS5
Physcion,,ADAMTS4
Physcion,,PDE4B
Physcion,,PDE4C
Physcion,,MET
Physcion,,ANPEP
Physcion,,PIK3CD
Physcion,,CCNE1
Physcion,,ERBB2
Physcion,,FLT1
Physcion,,PDGFRB
Physcion,,FLT4
Physcion,,PDGFRA
Physcion,,KDR
Physcion,,GRK6
Physcion,,CDK2
Physcion,,PGD
Rhein,D0M2TY,FTO
Rhein,D0M2TY,CYP19A1
Rhein,D0M2TY,ELANE
Rhein,D0M2TY,FNTA
Rhein,D0M2TY,CSNK2A1
Rhein,D0M2TY,PTP4A3
Rhein,D0M2TY,ESR2
Rhein,D0M2TY,CASP3
Rhein,D0M2TY,PIM1
Rhein,D0M2TY,LDHA
Rhein,D0M2TY,LDHB
Rhein,D0M2TY,ERN1
Rhein,D0M2TY,ESR1
Rhein,D0M2TY,AMPD3
Rhein,D0M2TY,BCL2
Rhein,D0M2TY,ECE1
Rhein,D0M2TY,CDC25B
Rhein,D0M2TY,MCL1
Rhein,D0M2TY,LIMK1
Rhein,D0M2TY,GRK6
Rhein,D0M2TY,LCK
Rhein,D0M2TY,MME
Rhein,D0M2TY,CDK2
Rhein,D0M2TY,HNF4A
Rhein,D0M2TY,F2
Rhein,D0M2TY,IGFBP3
Rhein,D0M2TY,EGLN1
Rhein,D0M2TY,GPR35
Rhein,D0M2TY,SLC13A5
Rhein,D0M2TY,ACLY
Rhein,D0M2TY,CASP6
Rhein,D0M2TY,CASP7
Rhein,D0M2TY,CASP8
Rhein,D0M2TY,CASP1
Rhein,D0M2TY,CASP2
Rhein,D0M2TY,OGA
Rhein,D0M2TY,MAPK8
Rhein,D0M2TY,ADA
Rhein,D0M2TY,NOX4
Rhein,D0M2TY,CAMKK2
Rhein,D0M2TY,MMP16
Rhein,D0M2TY,MMP13
Rhein,D0M2TY,MMP9
Rhein,D0M2TY,MMP1
Rhein,D0M2TY,MMP2
Rhein,D0M2TY,MMP14
Rhein,D0M2TY,MMP8
Rhein,D0M2TY,INSR
Rhein,D0M2TY,FNTB
Rhein,D0M2TY,JUN
Rhein,D0M2TY,KRT14
Rhein,D0M2TY,GLP1R
Rhein,D0M2TY,MMP9
Rhein,D0M2TY,TLR4
Rhein,D0M2TY,TNF
Rhein,D0M2TY,ALKBH1
Rhein,D0M2TY,MSR1
Rhein,D0M2TY,UCP1
Rhein,D0M2TY,STAT3
Rhein,D0M2TY,DDIT3
Rhein,D0M2TY,EGFR
Rhein,D0M2TY,RAC1
Rhein,D0M2TY,FTO
Rhein,D0M2TY,CASP3
Rhein,D0M2TY,PPARG
Rutin,D09ALJ,NMUR2
Rutin,D09ALJ,ADRA2A
Rutin,D09ALJ,ADRA2C
Rutin,D09ALJ,ACHE
Rutin,D09ALJ,AKR1B1
Rutin,D09ALJ,NOX4
Rutin,D09ALJ,CA7
Rutin,D09ALJ,CA12
Rutin,D09ALJ,CA4
Rutin,D09ALJ,CA2
Rutin,D09ALJ,RPS6KA3
Rutin,D09ALJ,NQO2
Rutin,D09ALJ,XDH
Rutin,D09ALJ,CD38
Rutin,D09ALJ,PTGS2
Rutin,D09ALJ,PDE5A
Rutin,D09ALJ,TNF
Rutin,D09ALJ,IL2
Rutin,D09ALJ,ADORA1
Rutin,D09ALJ,ALOX5
Rutin,D09ALJ,TERT
Rutin,D09ALJ,CAT
Rutin,D09ALJ,TNF
Rutin,D09ALJ,PROCR
Rutin,D09ALJ,IL6
Rutin,D09ALJ,IL1B
Rutin,D09ALJ,HMGCR
Rutin,D09ALJ,CASP3
Rutin,D09ALJ,MPO
Rutin,D09ALJ,INS
Rutin,D09ALJ,MARK4
Rutin,D09ALJ,TGFB1
Rutin,D09ALJ,NR1H4
Rutin,D09ALJ,FN1
Rutin,D09ALJ,P4HB
Rutin,D09ALJ,BACE1
Rutin,D09ALJ,FAS
Rutin,D09ALJ,ADA
Rutin,D09ALJ,PPARG
Rutin,D09ALJ,MAPK8
Rutin,D09ALJ,MAPK14
Rutin,D09ALJ,ACTA2
Rutin,D09ALJ,MTOR
Rutin,D09ALJ,SIRT1
Rutin,D09ALJ,BCL2
Salidroside,,TYR
Salidroside,,CA2
Salidroside,,CA7
Salidroside,,CA1
Salidroside,,CA3
Salidroside,,CA12
Salidroside,,CA14
Salidroside,,CA9
Salidroside,,CA4
Salidroside,,CA5A
Salidroside,,CA6
Salidroside,,ADK
Salidroside,,ADA
Salidroside,,ADORA2A
Salidroside,,AKR1C3
Salidroside,,ADORA3
Salidroside,,PNP
Salidroside,,MMP9
Salidroside,,MMP2
Salidroside,,BCL2
Salidroside,,BAX
Sennoside A,D0Z2LG,TNNC1
Sennoside A,D0Z2LG,ESR1
Sennoside A,D0Z2LG,TNNT2
Sennoside A,D0Z2LG,TNNI3
Sennoside A,D0Z2LG,AQP3
Sinensetin,,ABCG2
Sinensetin,,CYP1B1
Sinensetin,,ADORA1
Sinensetin,,ADORA2A
Sinensetin,,AKR1B1
Sinensetin,,OPRD1
Sinensetin,,KIT
Sinensetin,,ADORA3
Sinensetin,,FLT3
Sinensetin,,PLA2G2A
Sinensetin,,CA2
Sinensetin,,SYK
Sinensetin,,CA7
Sinensetin,,NOX4
Sinensetin,,GSK3B
Sinensetin,,ALOX5
Sinensetin,,ABCB1
Sinensetin,,CDK5R1
Sinensetin,,PTPRS
Sinensetin,,PIM1
Sinensetin,,GLO1
Sinensetin,,AKR1B10
Sinensetin,,TOP1
Sinensetin,,ARG1
Sinensetin,,CA12
Sinensetin,,ABCC1
Sinensetin,,TNKS
Sinensetin,,PARP1
Sinensetin,,MAOA
Sinensetin,,TNKS2
Sinensetin,,AMY1A
Sinensetin,,GRK6
Sinensetin,,APP
Sinensetin,,PLK1
Sinensetin,,MET
Sinensetin,,MMP2
Sinensetin,,CCNB3
Sinensetin,,CA1
Sinensetin,,CDK1
Sinensetin,,PLG
Sinensetin,,CA13
Sinensetin,,KDR
Sinensetin,,KDM4E
Sinensetin,,ALOX12
Sinensetin,,PTGS2
Sinensetin,,EGFR
Sinensetin,,SRC
Sinensetin,,MMP13
Sinensetin,,PIK3CG
Sinensetin,,ESR2
Sinensetin,,TTR
Sinensetin,,OPRM1
Sinensetin,,ACHE
Sinensetin,,CD38
Sinensetin,,CSNK2A1
Sinensetin,,MMP9
Sinensetin,,MMP12
Sinensetin,,XDH
Sinensetin,,MAPT
Sinensetin,,TOP2A
Sinensetin,,MPO
Sinensetin,,PIK3R1
Sinensetin,,CA3
Sinensetin,,CXCR1
Sinensetin,,PLA2G1B
Sinensetin,,APEX1
Sinensetin,,AKR1C2
Sinensetin,,AKR1C1
Sinensetin,,AKR1C4
Sinensetin,,AKR1A1
Sinensetin,,TERT
Sinensetin,,BACE1
Sinensetin,,DRD4
Sinensetin,,CDK2
Sinensetin,,AURKB
Sinensetin,,PFKFB3
Sinensetin,,CYP19A1
Sinensetin,,CA9
Sinensetin,,ST6GAL1
Sinensetin,,CBR1
Sinensetin,,CA4
Sinensetin,,IGF1R
Sinensetin,,NOS2
Sinensetin,,AXL
Sinensetin,,CA6
Sinensetin,,PTK2
Sinensetin,,CAMK2B
Sinensetin,,F2
Sinensetin,,CFTR
Sinensetin,,NEK2
Sinensetin,,ALK
Sinensetin,,TYR
Sinensetin,,AHR
Sinensetin,,INSR
Sinensetin,,MAOB
Sinensetin,,ODC1
Sinensetin,,NAE1
Sinensetin,,PPP5C
Sinensetin,,HTR6
Sinensetin,,MT-ND4
Sinensetin,,CDK5
Sinensetin,,CDK1
Sinensetin,,CCNB1
Sinensetin,,CCNB2
Sinensetin,,CYP1A2
Synephrine,,HTR3A
Synephrine,,ADRA2A
Synephrine,,ADRA2C
Synephrine,,ADRA2B
Synephrine,,ADRB2
Synephrine,,ADRB1
Synephrine,,DRD2
Synephrine,,ADRA1A
Synephrine,,NMUR2
Synephrine,,ADRA1D
Synephrine,,OPRM1
Synephrine,,ADRA1B
Synephrine,,TAAR1
Synephrine,,KDM4E
Synephrine,,DRD5
Synephrine,,MTNR1A
Synephrine,,MTNR1B
Synephrine,,DRD1
Syringin,,ADORA3
Syringin,,ADORA2A
Syringin,,ADORA1
Syringin,,TYR
Syringin,,TOP1
Syringin,,HSPA4
Syringin,,TRAF6
Wogonoside,,AKR1B1
Wogonoside,,ADORA1
Wogonoside,,IL2
Wogonoside,,XDH
Wogonoside,,RPS6KA3
Wogonoside,,ACHE
Wogonoside,,NQO2
Wogonoside,,CA2
Wogonoside,,NOX4
Wogonoside,,ADRA2C
Wogonoside,,NMUR2
Wogonoside,,ADRA2A
Wogonoside,,TNF
Wogonoside,,CA12
Wogonoside,,FDFT1
Wogonoside,,PTGS2
Wogonoside,,HPRT1
Wogonoside,,PTPN22
Wogonoside,,MAPK14
Wogonoside,,PLSCR1
